{
"lengthUnit": "mil",
"components": {
	"fields": ["COMPONENT_NO", "COMPONENT_NAME", "LAYER", "X_COORDINATE", "Y_COORDINATE", "ANGLE"],
	"rows": [
		[1, "C1", "T", 865, -1695, 90],
		[2, "C2", "T", 610, -1655, 90],
		[3, "C3", "T", 320, -1470, 270],
		[4, "C4", "T", 550, -1240, 270],
		[5, "D1", "T", 605, -670, 180],
		[6, "L1", "T", 1050, -670, 0],
		[7, "P1", "T", 823.71, -245, 0],
		[8, "P3", "T", 794.01, -2155, 180],
		[9, "R1", "T", 580, -1075, 180],
		[10, "R2", "T", 640, -1430, 180],
		[11, "R3", "T", 900, -1430, 180],
		[12, "U1", "T", 938.74, -1144.07, 0],
		[13, "PAD1", "T", 196.85, -196.85, 0],
		[14, "PAD1", "B", 196.85, -196.85, 0],
		[15, "PAD2", "T", 196.85, -2165.35, 0],
		[16, "PAD2", "B", 196.85, -2165.35, 0],
		[17, "PAD3", "T", 1377.95, -196.85, 0],
		[18, "PAD3", "B", 1377.95, -196.85, 0],
		[19, "PAD4", "T", 1377.95, -2165.35, 0],
		[20, "PAD4", "B", 1377.95, -2165.35, 0]
	]
},
"pins": {
	"fields": ["PIN_NO", "PIN_NAME", "PIN_X", "PIN_Y", "LAYER", "PIN_TYPE", "NET_NAME", "NET_TYPE", "PAD_SHAPE", "PAD_SIZEX", "PAD_SIZEY", "HOLE_SIZE", "PAD_ANGLE"],
	"rows": [
		[1, "C1_1", 865, -1823.63, "T", "SMD", "BLDC_VOUT", "", "R", 165.35, 55.12, 0, 90],
		[2, "C1_2", 865, -1566.37, "T", "SMD", "GND", "GND", "R", 165.35, 55.12, 0, 90],
		[3, "C2_1", 610, -1682.56, "T", "SMD", "GND", "GND", "R", 31.5, 35.43, 0, 90],
		[4, "C2_2", 610, -1627.44, "T", "SMD", "BLDC_VOUT", "", "R", 31.5, 35.43, 0, 90],
		[5, "C3_1", 320, -1341.37, "T", "SMD", "BLDC_VIN", "", "R", 165.35, 55.12, 0, 270],
		[6, "C3_2", 320, -1598.63, "T", "SMD", "GND", "GND", "R", 165.35, 55.12, 0, 270],
		[7, "C4_1", 550, -1212.44, "T", "SMD", "BLDC_VIN", "", "R", 31.5, 35.43, 0, 270],
		[8, "C4_2", 550, -1267.56, "T", "SMD", "GND", "GND", "R", 31.5, 35.43, 0, 270],
		[9, "D1_1", 695.71, -669.63, "T", "SMD", "$1N989", "", "R", 80.57, 63.78, 0, 180],
		[10, "D1_2", 514.3, -670.37, "T", "SMD", "BLDC_VOUT", "", "R", 80.57, 63.78, 0, 0],
		[11, "L1_1", 846.05, -670, "T", "SMD", "$1N989", "", "R", 115.12, 137.79, 0, 180],
		[12, "L1_2", 1253.95, -670, "T", "SMD", "BLDC_VIN", "", "R", 115.12, 137.79, 0, 180],
		[13, "P1_1", 723.71, -245, "T", "DIP", "BLDC_VIN", "", "C", 78.74, 78.74, 51.18, 180],
		[14, "P1_1", 723.71, -245, "B", "DIP", "BLDC_VIN", "", "C", 78.74, 78.74, 51.18, 180],
		[15, "P1_2", 923.71, -245, "T", "DIP", "GND", "GND", "C", 78.74, 78.74, 51.18, 180],
		[16, "P1_2", 923.71, -245, "B", "DIP", "GND", "GND", "C", 78.74, 78.74, 51.18, 180],
		[17, "P3_1", 994.01, -2155, "T", "DIP", "BLDC_VOUT", "", "C", 78.74, 78.74, 51.18, 0],
		[18, "P3_1", 994.01, -2155, "B", "DIP", "BLDC_VOUT", "", "C", 78.74, 78.74, 51.18, 0],
		[19, "P3_2", 794.01, -2155, "T", "DIP", "GND", "GND", "C", 78.74, 78.74, 51.18, 0],
		[20, "P3_2", 794.01, -2155, "B", "DIP", "GND", "GND", "C", 78.74, 78.74, 51.18, 0],
		[21, "P3_3", 594.01, -2155, "T", "DIP", "GND", "GND", "C", 78.74, 78.74, 51.18, 0],
		[22, "P3_3", 594.01, -2155, "B", "DIP", "GND", "GND", "C", 78.74, 78.74, 51.18, 0],
		[23, "R1_1", 609.66, -1075, "T", "SMD", "$1N575", "", "R", 31.75, 34.02, 0, 180],
		[24, "R1_2", 550.34, -1075, "T", "SMD", "BLDC_VIN", "", "R", 31.75, 34.02, 0, 180],
		[25, "R2_1", 669.66, -1430, "T", "SMD", "$1N880", "", "R", 31.75, 34.02, 0, 180],
		[26, "R2_2", 610.34, -1430, "T", "SMD", "BLDC_VOUT", "", "R", 31.75, 34.02, 0, 180],
		[27, "R3_1", 929.66, -1430, "T", "SMD", "GND", "GND", "R", 31.75, 34.02, 0, 180],
		[28, "R3_2", 870.34, -1430, "T", "SMD", "$1N880", "", "R", 31.75, 34.02, 0, 180],
		[29, "U1_1", 728.74, -1010.23, "T", "SMD", "GND", "GND", "R", 157.48, 42.1, 0, 0],
		[30, "U1_2", 728.74, -1077.15, "T", "SMD", "$1N575", "", "R", 157.48, 42.1, 0, 0],
		[31, "U1_3", 728.74, -1144.07, "T", "SMD", "$1N989", "", "R", 157.48, 42.1, 0, 0],
		[32, "U1_4", 728.74, -1210.99, "T", "SMD", "BLDC_VIN", "", "R", 157.48, 42.1, 0, 0],
		[33, "U1_5", 728.74, -1277.91, "T", "SMD", "$1N880", "", "R", 157.48, 42.1, 0, 0],
		[34, "U1_6", 1148.74, -1144.07, "T", "SMD", "$1N989", "", "R", 419.68, 350, 0, 270],
		[35, "PAD1_1", 196.85, -196.85, "T", "DIP", "GND", "GND", "C", 236.22, 236.22, 137.8, 0],
		[36, "PAD1_1", 196.85, -196.85, "B", "DIP", "GND", "GND", "C", 236.22, 236.22, 137.8, 0],
		[37, "PAD2_1", 196.85, -2165.35, "T", "DIP", "GND", "GND", "C", 236.22, 236.22, 137.8, 0],
		[38, "PAD2_1", 196.85, -2165.35, "B", "DIP", "GND", "GND", "C", 236.22, 236.22, 137.8, 0],
		[39, "PAD3_1", 1377.95, -196.85, "T", "DIP", "GND", "GND", "C", 236.22, 236.22, 137.8, 0],
		[40, "PAD3_1", 1377.95, -196.85, "B", "DIP", "GND", "GND", "C", 236.22, 236.22, 137.8, 0],
		[41, "PAD4_1", 1377.95, -2165.35, "T", "DIP", "GND", "GND", "C", 236.22, 236.22, 137.8, 0],
		[42, "PAD4_1", 1377.95, -2165.35, "B", "DIP", "GND", "GND", "C", 236.22, 236.22, 137.8, 0]
	]
}
}