{
"lengthUnit": "mil",
"components": {
	"fields": ["COMPONENT_NO", "COMPONENT_NAME", "LAYER", "X_COORDINATE", "Y_COORDINATE", "ANGLE"],
	"rows": [
		[1, "C1", "T", 523.19, -1028.44, 270],
		[2, "C3", "T", 1223.19, -643.44, 90],
		[3, "C4", "T", 1902.05, -781.58, 0],
		[4, "C5", "T", 1877.05, -966.58, 180],
		[5, "C6", "T", 1685, -795, 180],
		[6, "C7", "T", 1018.19, -1208.44, 90],
		[7, "C8", "T", 653.19, -1018.44, 90],
		[8, "CN1", "T", 1535, -1720, 0],
		[9, "D1", "T", 803.19, -1193.44, 180],
		[10, "DC1", "T", 1715, -370, 270],
		[11, "L1", "T", 1223.19, -1098.44, 90],
		[12, "P1", "T", 635, -1701.2, 180],
		[13, "R1", "T", 1043.19, -1023.44, 270],
		[14, "R2", "T", 1043.19, -873.44, 270],
		[15, "R3", "T", 648.19, -893.44, 180],
		[16, "R4", "T", 1495, -970, 180],
		[17, "TP1", "T", 1400.4, -884.47, 180],
		[18, "U1", "T", 858.19, -1023.44, 180],
		[19, "U2", "T", 1730, -1180, 0],
		[20, "PAD1", "T", 196.85, -196.85, 0],
		[21, "PAD1", "B", 196.85, -196.85, 0],
		[22, "PAD2", "T", 196.85, -1771.65, 0],
		[23, "PAD2", "B", 196.85, -1771.65, 0],
		[24, "PAD3", "T", 2165.35, -196.85, 0],
		[25, "PAD3", "B", 2165.35, -196.85, 0],
		[26, "PAD4", "T", 2165.35, -1771.65, 0],
		[27, "PAD4", "B", 2165.35, -1771.65, 0]
	]
},
"pins": {
	"fields": ["PIN_NO", "PIN_NAME", "PIN_X", "PIN_Y", "LAYER", "PIN_TYPE", "NET_NAME", "NET_TYPE", "PAD_SHAPE", "PAD_SIZEX", "PAD_SIZEY", "HOLE_SIZE", "PAD_ANGLE"],
	"rows": [
		[1, "C1_1", 523.19, -965.74, "T", "SMD", "GND", "GND", "R", 58.47, 68.03, 0, 270],
		[2, "C1_2", 523.19, -1091.14, "T", "SMD", "VIN_24V", "", "R", 58.47, 68.03, 0, 270],
		[3, "C3_1", 1223.19, -772.07, "T", "SMD", "PUMP_12V", "", "R", 165.35, 55.12, 0, 90],
		[4, "C3_2", 1223.19, -514.81, "T", "SMD", "GND", "GND", "R", 165.35, 55.12, 0, 90],
		[5, "C4_1", 1852.05, -781.58, "T", "DIP", "PUMP_12V", "", "C", 62.99, 62.99, 39.37, 0],
		[6, "C4_1", 1852.05, -781.58, "B", "DIP", "PUMP_12V", "", "C", 62.99, 62.99, 39.37, 0],
		[7, "C4_2", 1952.05, -781.58, "T", "DIP", "GND", "GND", "C", 62.99, 62.99, 39.37, 0],
		[8, "C4_2", 1952.05, -781.58, "B", "DIP", "GND", "GND", "C", 62.99, 62.99, 39.37, 0],
		[9, "C5_1", 1904.61, -966.58, "T", "SMD", "GND", "GND", "R", 31.5, 35.43, 0, 180],
		[10, "C5_2", 1849.49, -966.58, "T", "SMD", "PUMP_12V", "", "R", 31.5, 35.43, 0, 180],
		[11, "C6_1", 1712.56, -795, "T", "SMD", "PUMP_OUT1", "", "R", 31.5, 35.43, 0, 180],
		[12, "C6_2", 1657.44, -795, "T", "SMD", "PUMP_OUT2", "", "R", 31.5, 35.43, 0, 180],
		[13, "C7_1", 1018.19, -1236, "T", "SMD", "$1N2465", "", "R", 31.5, 35.43, 0, 90],
		[14, "C7_2", 1018.19, -1180.88, "T", "SMD", "$1N2437", "", "R", 31.5, 35.43, 0, 90],
		[15, "C8_1", 653.19, -1046, "T", "SMD", "VIN_24V", "", "R", 31.5, 35.43, 0, 90],
		[16, "C8_2", 653.19, -990.88, "T", "SMD", "GND", "GND", "R", 31.5, 35.43, 0, 90],
		[17, "CN1_1", 1235, -1720, "T", "DIP", "PUMP_IN2", "", "C", 90.55, 90.55, 59.06, 0],
		[18, "CN1_1", 1235, -1720, "B", "DIP", "PUMP_IN2", "", "C", 90.55, 90.55, 59.06, 0],
		[19, "CN1_2", 1435, -1720, "T", "DIP", "PUMP_IN1", "", "C", 90.55, 90.55, 59.06, 0],
		[20, "CN1_2", 1435, -1720, "B", "DIP", "PUMP_IN1", "", "C", 90.55, 90.55, 59.06, 0],
		[21, "CN1_3", 1635, -1720, "T", "DIP", "PUMP_VREF", "", "C", 90.55, 90.55, 59.06, 0],
		[22, "CN1_3", 1635, -1720, "B", "DIP", "PUMP_VREF", "", "C", 90.55, 90.55, 59.06, 0],
		[23, "CN1_4", 1835, -1720, "T", "DIP", "GND", "GND", "C", 90.55, 90.55, 59.06, 0],
		[24, "CN1_4", 1835, -1720, "B", "DIP", "GND", "GND", "C", 90.55, 90.55, 59.06, 0],
		[25, "D1_1", 893.89, -1193.07, "T", "SMD", "GND", "GND", "R", 80.57, 63.78, 0, 180],
		[26, "D1_2", 712.48, -1193.81, "T", "SMD", "$1N2465", "", "R", 80.57, 63.78, 0, 0],
		[27, "DC1_1", 1937.44, -249.92, "T", "SMD", "PUMP_OUT1", "", "R", 78.74, 82.68, 0, 270],
		[28, "DC1_1", 1937.44, -486.14, "T", "SMD", "PUMP_OUT1", "", "R", 78.74, 82.68, 0, 270],
		[29, "DC1_2", 1492.56, -249.92, "T", "SMD", "PUMP_OUT2", "", "R", 74.8, 98.42, 0, 270],
		[30, "DC1_3", 1502.4, -490.08, "T", "SMD", "DC1_3", "", "R", 78.74, 78.74, 0, 270],
		[31, "L1_1", 1223.19, -975.29, "T", "SMD", "PUMP_12V", "", "R", 95.43, 142.52, 0, 90],
		[32, "L1_2", 1223.19, -1221.59, "T", "SMD", "$1N2465", "", "R", 95.43, 142.52, 0, 90],
		[33, "P1_1", 735, -1701.2, "T", "DIP", "VIN_24V", "", "C", 78.74, 78.74, 51.18, 0],
		[34, "P1_1", 735, -1701.2, "B", "DIP", "VIN_24V", "", "C", 78.74, 78.74, 51.18, 0],
		[35, "P1_2", 535, -1701.2, "T", "DIP", "GND", "GND", "C", 78.74, 78.74, 51.18, 0],
		[36, "P1_2", 535, -1701.2, "B", "DIP", "GND", "GND", "C", 78.74, 78.74, 51.18, 0],
		[37, "R1_1", 1043.19, -993.78, "T", "SMD", "VSEN", "", "R", 31.75, 34.02, 0, 270],
		[38, "R1_2", 1043.19, -1053.1, "T", "SMD", "PUMP_12V", "", "R", 31.75, 34.02, 0, 270],
		[39, "R2_1", 1043.19, -843.78, "T", "SMD", "GND", "GND", "R", 31.75, 34.02, 0, 270],
		[40, "R2_2", 1043.19, -903.1, "T", "SMD", "VSEN", "", "R", 31.75, 34.02, 0, 270],
		[41, "R3_1", 677.85, -893.44, "T", "SMD", "$1N979", "", "R", 31.75, 34.02, 0, 180],
		[42, "R3_2", 618.53, -893.44, "T", "SMD", "VIN_24V", "", "R", 31.75, 34.02, 0, 180],
		[43, "R4_1", 1553.22, -970, "T", "SMD", "$1N1494", "", "R", 47.54, 66.97, 0, 180],
		[44, "R4_2", 1436.78, -970, "T", "SMD", "GND", "GND", "R", 47.54, 66.97, 0, 180],
		[45, "TP1_1", 1400.4, -884.47, "T", "SMD", "PUMP_12V", "", "C", 30, 30, 0, 180],
		[46, "U1_1", 964.48, -1098.44, "T", "SMD", "$1N2437", "", "R", 51.18, 23.62, 0, 180],
		[47, "U1_2", 964.48, -1048.44, "T", "SMD", "U1_2", "", "R", 51.18, 23.62, 0, 180],
		[48, "U1_3", 964.48, -998.44, "T", "SMD", "U1_3", "", "R", 51.18, 23.62, 0, 180],
		[49, "U1_4", 964.48, -948.44, "T", "SMD", "VSEN", "", "R", 51.18, 23.62, 0, 180],
		[50, "U1_5", 751.89, -948.44, "T", "SMD", "$1N979", "", "R", 51.18, 23.62, 0, 180],
		[51, "U1_6", 751.89, -998.44, "T", "SMD", "GND", "GND", "R", 51.18, 23.62, 0, 180],
		[52, "U1_7", 751.89, -1048.44, "T", "SMD", "VIN_24V", "", "R", 51.18, 23.62, 0, 180],
		[53, "U1_8", 751.89, -1098.44, "T", "SMD", "$1N2465", "", "R", 51.18, 23.62, 0, 180],
		[54, "U1_9", 858.18, -1023.44, "T", "SMD", "GND", "GND", "R", 98.42, 137.79, 0, 180],
		[55, "U2_1", 1655, -1289.02, "T", "SMD", "GND", "GND", "O", 22.6, 80.24, 0, 0],
		[56, "U2_2", 1705, -1289.02, "T", "SMD", "PUMP_IN2", "", "O", 22.6, 80.24, 0, 0],
		[57, "U2_3", 1755, -1289.02, "T", "SMD", "PUMP_IN1", "", "O", 22.6, 80.24, 0, 0],
		[58, "U2_4", 1805, -1289.02, "T", "SMD", "PUMP_VREF", "", "O", 22.6, 80.24, 0, 0],
		[59, "U2_5", 1805, -1070.98, "T", "SMD", "PUMP_12V", "", "O", 22.6, 80.24, 0, 0],
		[60, "U2_6", 1755, -1070.98, "T", "SMD", "PUMP_OUT1", "", "O", 22.6, 80.24, 0, 0],
		[61, "U2_7", 1705, -1070.98, "T", "SMD", "$1N1494", "", "O", 22.6, 80.24, 0, 0],
		[62, "U2_8", 1655, -1070.98, "T", "SMD", "PUMP_OUT2", "", "O", 22.6, 80.24, 0, 0],
		[63, "U2_9", 1730, -1180, "T", "SMD", "GND", "GND", "R", 125.98, 94.49, 0, 0],
		[64, "PAD1_1", 196.85, -196.85, "T", "DIP", "GND", "GND", "C", 236.22, 236.22, 137.8, 0],
		[65, "PAD1_1", 196.85, -196.85, "B", "DIP", "GND", "GND", "C", 236.22, 236.22, 137.8, 0],
		[66, "PAD2_1", 196.85, -1771.65, "T", "DIP", "GND", "GND", "C", 236.22, 236.22, 137.8, 0],
		[67, "PAD2_1", 196.85, -1771.65, "B", "DIP", "GND", "GND", "C", 236.22, 236.22, 137.8, 0],
		[68, "PAD3_1", 2165.35, -196.85, "T", "DIP", "GND", "GND", "C", 236.22, 236.22, 137.8, 0],
		[69, "PAD3_1", 2165.35, -196.85, "B", "DIP", "GND", "GND", "C", 236.22, 236.22, 137.8, 0],
		[70, "PAD4_1", 2165.35, -1771.65, "T", "DIP", "GND", "GND", "C", 236.22, 236.22, 137.8, 0],
		[71, "PAD4_1", 2165.35, -1771.65, "B", "DIP", "GND", "GND", "C", 236.22, 236.22, 137.8, 0]
	]
}
}