{
"lengthUnit": "mil",
"components": {
	"fields": ["COMPONENT_NO", "COMPONENT_NAME", "LAYER", "X_COORDINATE", "Y_COORDINATE", "ANGLE"],
	"rows": [
		[1, "CN1", "T", 175, -393.7, 0],
		[2, "P1", "T", 1990, -550, 180],
		[3, "P2", "T", 1070, -550, 180],
		[4, "P3", "T", 3390, -235, 0],
		[5, "P4", "T", 2470, -235, 0],
		[6, "P5", "T", 1545, -230, 0],
		[7, "P6", "T", 640, -235, 0],
		[8, "P7", "T", 2910, -555, 180],
		[9, "PAD1", "T", 590.55, -590.55, 0],
		[10, "PAD1", "B", 590.55, -590.55, 0],
		[11, "PAD2", "T", 3740.16, -196.85, 0],
		[12, "PAD2", "B", 3740.16, -196.85, 0],
		[13, "PAD3", "T", 3740.16, -590.55, 0],
		[14, "PAD3", "B", 3740.16, -590.55, 0]
	]
},
"pins": {
	"fields": ["PIN_NO", "PIN_NAME", "PIN_X", "PIN_Y", "LAYER", "PIN_TYPE", "NET_NAME", "NET_TYPE", "PAD_SHAPE", "PAD_SIZEX", "PAD_SIZEY", "HOLE_SIZE", "PAD_ANGLE"],
	"rows": [
		[1, "CN1_1", 293.11, -535.43, "T", "DIP", "GND", "GND", "C", 149.61, 149.61, 114.17, 90],
		[2, "CN1_1", 293.11, -535.43, "B", "DIP", "GND", "GND", "C", 149.61, 149.61, 114.17, 90],
		[3, "CN1_2", 293.11, -251.97, "T", "DIP", "24V", "", "C", 149.61, 149.61, 114.17, 90],
		[4, "CN1_2", 293.11, -251.97, "B", "DIP", "24V", "", "C", 149.61, 149.61, 114.17, 90],
		[5, "CN1_3", 56.89, -127.95, "T", "DIP", "CN1_3", "", "O", 47.24, 86.61, 62.99, 90],
		[6, "CN1_3", 56.89, -127.95, "B", "DIP", "CN1_3", "", "O", 47.24, 86.61, 62.99, 90],
		[7, "CN1_4", 56.89, -659.45, "T", "DIP", "CN1_4", "", "O", 47.24, 86.61, 62.99, 90],
		[8, "CN1_4", 56.89, -659.45, "B", "DIP", "CN1_4", "", "O", 47.24, 86.61, 62.99, 90],
		[9, "P1_1", 2090, -550, "T", "DIP", "GND", "GND", "C", 78.74, 78.74, 51.18, 0],
		[10, "P1_1", 2090, -550, "B", "DIP", "GND", "GND", "C", 78.74, 78.74, 51.18, 0],
		[11, "P1_2", 1890, -550, "T", "DIP", "24V", "", "C", 78.74, 78.74, 51.18, 0],
		[12, "P1_2", 1890, -550, "B", "DIP", "24V", "", "C", 78.74, 78.74, 51.18, 0],
		[13, "P2_1", 1170, -550, "T", "DIP", "GND", "GND", "C", 78.74, 78.74, 51.18, 0],
		[14, "P2_1", 1170, -550, "B", "DIP", "GND", "GND", "C", 78.74, 78.74, 51.18, 0],
		[15, "P2_2", 970, -550, "T", "DIP", "24V", "", "C", 78.74, 78.74, 51.18, 0],
		[16, "P2_2", 970, -550, "B", "DIP", "24V", "", "C", 78.74, 78.74, 51.18, 0],
		[17, "P3_1", 3290, -235, "T", "DIP", "24V", "", "C", 78.74, 78.74, 51.18, 180],
		[18, "P3_1", 3290, -235, "B", "DIP", "24V", "", "C", 78.74, 78.74, 51.18, 180],
		[19, "P3_2", 3490, -235, "T", "DIP", "GND", "GND", "C", 78.74, 78.74, 51.18, 180],
		[20, "P3_2", 3490, -235, "B", "DIP", "GND", "GND", "C", 78.74, 78.74, 51.18, 180],
		[21, "P4_1", 2370, -235, "T", "DIP", "24V", "", "C", 78.74, 78.74, 51.18, 180],
		[22, "P4_1", 2370, -235, "B", "DIP", "24V", "", "C", 78.74, 78.74, 51.18, 180],
		[23, "P4_2", 2570, -235, "T", "DIP", "GND", "GND", "C", 78.74, 78.74, 51.18, 180],
		[24, "P4_2", 2570, -235, "B", "DIP", "GND", "GND", "C", 78.74, 78.74, 51.18, 180],
		[25, "P5_1", 1445, -230, "T", "DIP", "24V", "", "C", 78.74, 78.74, 51.18, 180],
		[26, "P5_1", 1445, -230, "B", "DIP", "24V", "", "C", 78.74, 78.74, 51.18, 180],
		[27, "P5_2", 1645, -230, "T", "DIP", "GND", "GND", "C", 78.74, 78.74, 51.18, 180],
		[28, "P5_2", 1645, -230, "B", "DIP", "GND", "GND", "C", 78.74, 78.74, 51.18, 180],
		[29, "P6_1", 540, -235, "T", "DIP", "24V", "", "C", 78.74, 78.74, 51.18, 180],
		[30, "P6_1", 540, -235, "B", "DIP", "24V", "", "C", 78.74, 78.74, 51.18, 180],
		[31, "P6_2", 740, -235, "T", "DIP", "GND", "GND", "C", 78.74, 78.74, 51.18, 180],
		[32, "P6_2", 740, -235, "B", "DIP", "GND", "GND", "C", 78.74, 78.74, 51.18, 180],
		[33, "P7_1", 3010, -555, "T", "DIP", "GND", "GND", "C", 78.74, 78.74, 51.18, 0],
		[34, "P7_1", 3010, -555, "B", "DIP", "GND", "GND", "C", 78.74, 78.74, 51.18, 0],
		[35, "P7_2", 2810, -555, "T", "DIP", "24V", "", "C", 78.74, 78.74, 51.18, 0],
		[36, "P7_2", 2810, -555, "B", "DIP", "24V", "", "C", 78.74, 78.74, 51.18, 0],
		[37, "PAD1_1", 590.55, -590.55, "T", "DIP", "GND", "GND", "C", 236.22, 236.22, 137.8, 0],
		[38, "PAD1_1", 590.55, -590.55, "B", "DIP", "GND", "GND", "C", 236.22, 236.22, 137.8, 0],
		[39, "PAD2_1", 3740.16, -196.85, "T", "DIP", "GND", "GND", "C", 236.22, 236.22, 137.8, 0],
		[40, "PAD2_1", 3740.16, -196.85, "B", "DIP", "GND", "GND", "C", 236.22, 236.22, 137.8, 0],
		[41, "PAD3_1", 3740.16, -590.55, "T", "DIP", "GND", "GND", "C", 236.22, 236.22, 137.8, 0],
		[42, "PAD3_1", 3740.16, -590.55, "B", "DIP", "GND", "GND", "C", 236.22, 236.22, 137.8, 0]
	]
}
}