{
"lengthUnit": "mil",
"components": {
	"fields": ["COMPONENT_NO", "COMPONENT_NAME", "LAYER", "X_COORDINATE", "Y_COORDINATE", "ANGLE"],
	"rows": [
		[1, "C1", "T", 1468.65, -1821.41, 0],
		[2, "C2", "T", 1048.65, -2266.41, 180],
		[3, "C3", "T", 1468.65, -1741.41, 0],
		[4, "C4", "T", 1083.65, -1821.41, 0],
		[5, "C5", "T", 1468.65, -1581.41, 180],
		[6, "C6", "T", 1658.65, -1361.41, 0],
		[7, "C7", "T", 1097.02, -1290, 0],
		[8, "C8", "T", 1190.88, -1066.41, 0],
		[9, "C9", "T", 1675.88, -736.41, 90],
		[10, "C10", "T", 1460.88, -726.41, 270],
		[11, "CN1", "T", 2525, -1010, 90],
		[12, "D1", "T", 767.02, -660, 90],
		[13, "L1", "T", 617.02, -275, 90],
		[14, "P1", "T", 240, -1195, 90],
		[15, "R1", "T", 1030.88, -856.41, 270],
		[16, "R2", "T", 1375.88, -836.41, 270],
		[17, "R3", "T", 1428.65, -2341.41, 270],
		[18, "R4", "T", 1172.02, -2345, 270],
		[19, "R5", "T", 1468.65, -1661.41, 0],
		[20, "R13", "T", 1303.65, -1621.41, 270],
		[21, "R14", "T", 1188.65, -1621.41, 270],
		[22, "R15", "T", 1375.88, -621.41, 270],
		[23, "TP1", "T", 1676.96, -1033.62, 90],
		[24, "U1", "T", 1265.2, -2031.87, 180],
		[25, "U2", "T", 1096.61, -478.51, 90],
		[26, "U3", "T", 1247.02, -2595, 0],
		[27, "PAD1", "T", 196.85, -196.85, 0],
		[28, "PAD1", "B", 196.85, -196.85, 0],
		[29, "PAD2", "T", 2559.06, -196.85, 0],
		[30, "PAD2", "B", 2559.06, -196.85, 0],
		[31, "PAD3", "T", 196.85, -2559.06, 0],
		[32, "PAD3", "B", 196.85, -2559.06, 0],
		[33, "PAD4", "T", 2559.06, -2559.06, 0],
		[34, "PAD4", "B", 2559.06, -2559.06, 0]
	]
},
"pins": {
	"fields": ["PIN_NO", "PIN_NAME", "PIN_X", "PIN_Y", "LAYER", "PIN_TYPE", "NET_NAME", "NET_TYPE", "PAD_SHAPE", "PAD_SIZEX", "PAD_SIZEY", "HOLE_SIZE", "PAD_ANGLE"],
	"rows": [
		[1, "C1_1", 1441.09, -1821.41, "T", "SMD", "$1N829", "", "R", 31.5, 35.43, 0, 0],
		[2, "C1_2", 1496.21, -1821.41, "T", "SMD", "$1N830", "", "R", 31.5, 35.43, 0, 0],
		[3, "C2_1", 1076.21, -2266.41, "T", "SMD", "GND", "GND", "R", 31.5, 35.43, 0, 180],
		[4, "C2_2", 1021.09, -2266.41, "T", "SMD", "V3P3OUT", "", "R", 31.5, 35.43, 0, 180],
		[5, "C3_1", 1441.09, -1741.41, "T", "SMD", "STEPPER_24V", "", "R", 31.5, 35.43, 0, 0],
		[6, "C3_2", 1496.21, -1741.41, "T", "SMD", "$1N856", "", "R", 31.5, 35.43, 0, 0],
		[7, "C4_1", 1056.09, -1821.41, "T", "SMD", "GND", "GND", "R", 31.5, 35.43, 0, 0],
		[8, "C4_2", 1111.21, -1821.41, "T", "SMD", "STEPPER_24V", "", "R", 31.5, 35.43, 0, 0],
		[9, "C5_1", 1496.21, -1581.41, "T", "SMD", "GND", "GND", "R", 31.5, 35.43, 0, 180],
		[10, "C5_2", 1441.09, -1581.41, "T", "SMD", "STEPPER_24V", "", "R", 31.5, 35.43, 0, 180],
		[11, "C6_1", 1522.04, -1361.41, "T", "SMD", "STEPPER_24V", "", "R", 140.16, 44.09, 0, 0],
		[12, "C6_2", 1795.26, -1361.41, "T", "SMD", "GND", "GND", "R", 140.16, 44.09, 0, 0],
		[13, "C7_1", 968.39, -1290, "T", "SMD", "STEPPER_VIN", "", "R", 165.35, 55.12, 0, 0],
		[14, "C7_2", 1225.65, -1290, "T", "SMD", "GND", "GND", "R", 165.35, 55.12, 0, 0],
		[15, "C8_1", 1163.32, -1066.41, "T", "SMD", "STEPPER_VIN", "", "R", 31.5, 35.43, 0, 0],
		[16, "C8_2", 1218.44, -1066.41, "T", "SMD", "GND", "GND", "R", 31.5, 35.43, 0, 0],
		[17, "C9_1", 1675.88, -865.04, "T", "SMD", "STEPPER_24V", "", "R", 165.35, 55.12, 0, 90],
		[18, "C9_2", 1675.88, -607.78, "T", "SMD", "GND", "GND", "R", 165.35, 55.12, 0, 90],
		[19, "C10_1", 1460.88, -698.85, "T", "SMD", "GND", "GND", "R", 31.5, 35.43, 0, 270],
		[20, "C10_2", 1460.88, -753.97, "T", "SMD", "STEPPER_24V", "", "R", 31.5, 35.43, 0, 270],
		[21, "CN1_1", 2525, -1310, "T", "DIP", "STEPPER_AOUT1", "", "C", 90.55, 90.55, 59.06, 90],
		[22, "CN1_1", 2525, -1310, "B", "DIP", "STEPPER_AOUT1", "", "C", 90.55, 90.55, 59.06, 90],
		[23, "CN1_2", 2525, -1110, "T", "DIP", "STEPPER_AOUT2", "", "C", 90.55, 90.55, 59.06, 90],
		[24, "CN1_2", 2525, -1110, "B", "DIP", "STEPPER_AOUT2", "", "C", 90.55, 90.55, 59.06, 90],
		[25, "CN1_3", 2525, -910, "T", "DIP", "STEPPER_BOUT2", "", "C", 90.55, 90.55, 59.06, 90],
		[26, "CN1_3", 2525, -910, "B", "DIP", "STEPPER_BOUT2", "", "C", 90.55, 90.55, 59.06, 90],
		[27, "CN1_4", 2525, -710, "T", "DIP", "STEPPER_BOUT1", "", "C", 90.55, 90.55, 59.06, 90],
		[28, "CN1_4", 2525, -710, "B", "DIP", "STEPPER_BOUT1", "", "C", 90.55, 90.55, 59.06, 90],
		[29, "D1_1", 767.39, -750.7, "T", "SMD", "$1N1711", "", "R", 80.57, 63.78, 0, 90],
		[30, "D1_2", 766.65, -569.29, "T", "SMD", "STEPPER_24V", "", "R", 80.57, 63.78, 0, 270],
		[31, "L1_1", 617.02, -478.95, "T", "SMD", "$1N1711", "", "R", 115.12, 137.79, 0, 270],
		[32, "L1_2", 617.02, -71.04, "T", "SMD", "STEPPER_VIN", "", "R", 115.12, 137.79, 0, 270],
		[33, "P1_1", 240, -1295, "T", "DIP", "STEPPER_VIN", "", "C", 78.74, 78.74, 51.18, 270],
		[34, "P1_1", 240, -1295, "B", "DIP", "STEPPER_VIN", "", "C", 78.74, 78.74, 51.18, 270],
		[35, "P1_2", 240, -1095, "T", "DIP", "GND", "GND", "C", 78.74, 78.74, 51.18, 270],
		[36, "P1_2", 240, -1095, "B", "DIP", "GND", "GND", "C", 78.74, 78.74, 51.18, 270],
		[37, "R1_1", 1030.88, -826.75, "T", "SMD", "$1N1708", "", "R", 31.75, 34.02, 0, 270],
		[38, "R1_2", 1030.88, -886.07, "T", "SMD", "STEPPER_VIN", "", "R", 31.75, 34.02, 0, 270],
		[39, "R2_1", 1375.88, -806.75, "T", "SMD", "$1N1709", "", "R", 31.75, 34.02, 0, 270],
		[40, "R2_2", 1375.88, -866.07, "T", "SMD", "STEPPER_24V", "", "R", 31.75, 34.02, 0, 270],
		[41, "R3_1", 1428.65, -2311.75, "T", "SMD", "STEPPER_NHOME", "", "R", 31.75, 34.02, 0, 270],
		[42, "R3_2", 1428.65, -2371.07, "T", "SMD", "V3P3OUT", "", "R", 31.75, 34.02, 0, 270],
		[43, "R4_1", 1172.02, -2315.34, "T", "SMD", "STEPPER_NFAULT", "", "R", 31.75, 34.02, 0, 270],
		[44, "R4_2", 1172.02, -2374.66, "T", "SMD", "V3P3OUT", "", "R", 31.75, 34.02, 0, 270],
		[45, "R5_1", 1438.99, -1661.41, "T", "SMD", "STEPPER_24V", "", "R", 31.75, 34.02, 0, 0],
		[46, "R5_2", 1498.31, -1661.41, "T", "SMD", "$1N856", "", "R", 31.75, 34.02, 0, 0],
		[47, "R13_1", 1303.65, -1591.75, "T", "SMD", "GND", "GND", "R", 31.75, 34.02, 0, 270],
		[48, "R13_2", 1303.65, -1651.07, "T", "SMD", "$1N833", "", "R", 31.75, 34.02, 0, 270],
		[49, "R14_1", 1188.65, -1591.75, "T", "SMD", "GND", "GND", "R", 31.75, 34.02, 0, 270],
		[50, "R14_2", 1188.65, -1651.07, "T", "SMD", "$1N834", "", "R", 31.75, 34.02, 0, 270],
		[51, "R15_1", 1375.88, -591.75, "T", "SMD", "GND", "GND", "R", 31.75, 34.02, 0, 270],
		[52, "R15_2", 1375.88, -651.07, "T", "SMD", "$1N1709", "", "R", 31.75, 34.02, 0, 270],
		[53, "TP1_1", 1676.96, -1033.62, "T", "SMD", "STEPPER_24V", "", "C", 48, 48, 0, 90],
		[54, "U1_1", 1431.54, -1919.04, "T", "SMD", "$1N830", "", "O", 13.5, 68.17, 0, 180],
		[55, "U1_2", 1405.95, -1919.04, "T", "SMD", "$1N829", "", "O", 13.5, 68.17, 0, 180],
		[56, "U1_3", 1380.36, -1919.04, "T", "SMD", "$1N856", "", "O", 13.5, 68.17, 0, 180],
		[57, "U1_4", 1354.77, -1919.04, "T", "SMD", "STEPPER_24V", "", "O", 13.5, 68.17, 0, 180],
		[58, "U1_5", 1329.18, -1919.04, "T", "SMD", "STEPPER_AOUT1", "", "O", 13.5, 68.17, 0, 180],
		[59, "U1_6", 1303.59, -1919.04, "T", "SMD", "$1N833", "", "O", 13.5, 68.17, 0, 180],
		[60, "U1_7", 1277.99, -1919.04, "T", "SMD", "STEPPER_AOUT2", "", "O", 13.5, 68.17, 0, 180],
		[61, "U1_8", 1252.4, -1919.04, "T", "SMD", "STEPPER_BOUT2", "", "O", 13.5, 68.17, 0, 180],
		[62, "U1_9", 1226.81, -1919.04, "T", "SMD", "$1N834", "", "O", 13.5, 68.17, 0, 180],
		[63, "U1_10", 1201.22, -1919.04, "T", "SMD", "STEPPER_BOUT1", "", "O", 13.5, 68.17, 0, 180],
		[64, "U1_11", 1175.63, -1919.04, "T", "SMD", "STEPPER_24V", "", "O", 13.5, 68.17, 0, 180],
		[65, "U1_12", 1150.04, -1919.04, "T", "SMD", "V3P3OUT", "", "O", 13.5, 68.17, 0, 180],
		[66, "U1_13", 1124.45, -1919.04, "T", "SMD", "V3P3OUT", "", "O", 13.5, 68.17, 0, 180],
		[67, "U1_14", 1098.86, -1919.04, "T", "SMD", "GND", "GND", "O", 13.5, 68.17, 0, 180],
		[68, "U1_15", 1098.86, -2144.69, "T", "SMD", "V3P3OUT", "", "O", 13.5, 68.17, 0, 180],
		[69, "U1_16", 1124.45, -2144.69, "T", "SMD", "STEPPER_NRESET", "", "O", 13.5, 68.17, 0, 180],
		[70, "U1_17", 1150.04, -2144.69, "T", "SMD", "STEPPER_NSLEEP", "", "O", 13.5, 68.17, 0, 180],
		[71, "U1_18", 1175.63, -2144.69, "T", "SMD", "STEPPER_NFAULT", "", "O", 13.5, 68.17, 0, 180],
		[72, "U1_19", 1201.22, -2144.69, "T", "SMD", "STEPPER_DECAY", "", "O", 13.5, 68.17, 0, 180],
		[73, "U1_20", 1226.81, -2144.69, "T", "SMD", "STEPPER_DIR", "", "O", 13.5, 68.17, 0, 180],
		[74, "U1_21", 1252.4, -2144.69, "T", "SMD", "STEPPER_NENBL", "", "O", 13.5, 68.17, 0, 180],
		[75, "U1_22", 1277.99, -2144.69, "T", "SMD", "STEPPER_STEP", "", "O", 13.5, 68.17, 0, 180],
		[76, "U1_23", 1303.59, -2144.69, "T", "SMD", "U1_23", "", "O", 13.5, 68.17, 0, 180],
		[77, "U1_24", 1329.18, -2144.69, "T", "SMD", "STEPPER_MODE0", "", "O", 13.5, 68.17, 0, 180],
		[78, "U1_25", 1354.77, -2144.69, "T", "SMD", "STEPPER_MODE1", "", "O", 13.5, 68.17, 0, 180],
		[79, "U1_26", 1380.36, -2144.69, "T", "SMD", "STEPPER_MODE2", "", "O", 13.5, 68.17, 0, 180],
		[80, "U1_27", 1405.95, -2144.69, "T", "SMD", "STEPPER_NHOME", "", "O", 13.5, 68.17, 0, 180],
		[81, "U1_28", 1431.54, -2144.69, "T", "SMD", "GND", "GND", "O", 13.5, 68.17, 0, 180],
		[82, "U1_29", 1265.2, -2031.86, "T", "SMD", "GND", "GND", "R", 220.47, 122.05, 0, 180],
		[83, "U2_1", 962.77, -688.51, "T", "SMD", "GND", "GND", "R", 157.48, 42.1, 0, 90],
		[84, "U2_2", 1029.69, -688.51, "T", "SMD", "$1N1708", "", "R", 157.48, 42.1, 0, 90],
		[85, "U2_3", 1096.61, -688.51, "T", "SMD", "$1N1711", "", "R", 157.48, 42.1, 0, 90],
		[86, "U2_4", 1163.53, -688.51, "T", "SMD", "STEPPER_VIN", "", "R", 157.48, 42.1, 0, 90],
		[87, "U2_5", 1230.45, -688.51, "T", "SMD", "$1N1709", "", "R", 157.48, 42.1, 0, 90],
		[88, "U2_6", 1096.61, -268.51, "T", "SMD", "$1N1711", "", "R", 419.68, 350, 0, 0],
		[89, "U3_1", 697.02, -2595, "T", "DIP", "GND", "GND", "R", 70.87, 78.74, 43.31, 0],
		[90, "U3_1", 697.02, -2595, "B", "DIP", "GND", "GND", "R", 70.87, 78.74, 43.31, 0],
		[91, "U3_2", 797.02, -2595, "T", "DIP", "STEPPER_NRESET", "", "C", 70.87, 70.87, 43.31, 0],
		[92, "U3_2", 797.02, -2595, "B", "DIP", "STEPPER_NRESET", "", "C", 70.87, 70.87, 43.31, 0],
		[93, "U3_3", 897.02, -2595, "T", "DIP", "STEPPER_NSLEEP", "", "C", 70.87, 70.87, 43.31, 0],
		[94, "U3_3", 897.02, -2595, "B", "DIP", "STEPPER_NSLEEP", "", "C", 70.87, 70.87, 43.31, 0],
		[95, "U3_4", 997.02, -2595, "T", "DIP", "STEPPER_NFAULT", "", "C", 70.87, 70.87, 43.31, 0],
		[96, "U3_4", 997.02, -2595, "B", "DIP", "STEPPER_NFAULT", "", "C", 70.87, 70.87, 43.31, 0],
		[97, "U3_5", 1097.02, -2595, "T", "DIP", "STEPPER_DECAY", "", "C", 70.87, 70.87, 43.31, 0],
		[98, "U3_5", 1097.02, -2595, "B", "DIP", "STEPPER_DECAY", "", "C", 70.87, 70.87, 43.31, 0],
		[99, "U3_6", 1197.02, -2595, "T", "DIP", "STEPPER_DIR", "", "C", 70.87, 70.87, 43.31, 0],
		[100, "U3_6", 1197.02, -2595, "B", "DIP", "STEPPER_DIR", "", "C", 70.87, 70.87, 43.31, 0],
		[101, "U3_7", 1297.02, -2595, "T", "DIP", "STEPPER_NENBL", "", "C", 70.87, 70.87, 43.31, 0],
		[102, "U3_7", 1297.02, -2595, "B", "DIP", "STEPPER_NENBL", "", "C", 70.87, 70.87, 43.31, 0],
		[103, "U3_8", 1397.02, -2595, "T", "DIP", "STEPPER_STEP", "", "C", 70.87, 70.87, 43.31, 0],
		[104, "U3_8", 1397.02, -2595, "B", "DIP", "STEPPER_STEP", "", "C", 70.87, 70.87, 43.31, 0],
		[105, "U3_9", 1497.02, -2595, "T", "DIP", "STEPPER_MODE0", "", "C", 70.87, 70.87, 43.31, 0],
		[106, "U3_9", 1497.02, -2595, "B", "DIP", "STEPPER_MODE0", "", "C", 70.87, 70.87, 43.31, 0],
		[107, "U3_10", 1597.02, -2595, "T", "DIP", "STEPPER_MODE1", "", "C", 70.87, 70.87, 43.31, 0],
		[108, "U3_10", 1597.02, -2595, "B", "DIP", "STEPPER_MODE1", "", "C", 70.87, 70.87, 43.31, 0],
		[109, "U3_11", 1697.02, -2595, "T", "DIP", "STEPPER_MODE2", "", "C", 70.87, 70.87, 43.31, 0],
		[110, "U3_11", 1697.02, -2595, "B", "DIP", "STEPPER_MODE2", "", "C", 70.87, 70.87, 43.31, 0],
		[111, "U3_12", 1797.02, -2595, "T", "DIP", "STEPPER_NHOME", "", "C", 70.87, 70.87, 43.31, 0],
		[112, "U3_12", 1797.02, -2595, "B", "DIP", "STEPPER_NHOME", "", "C", 70.87, 70.87, 43.31, 0],
		[113, "PAD1_1", 196.85, -196.85, "T", "DIP", "GND", "GND", "C", 236.22, 236.22, 137.8, 0],
		[114, "PAD1_1", 196.85, -196.85, "B", "DIP", "GND", "GND", "C", 236.22, 236.22, 137.8, 0],
		[115, "PAD2_1", 2559.06, -196.85, "T", "DIP", "GND", "GND", "C", 236.22, 236.22, 137.8, 0],
		[116, "PAD2_1", 2559.06, -196.85, "B", "DIP", "GND", "GND", "C", 236.22, 236.22, 137.8, 0],
		[117, "PAD3_1", 196.85, -2559.06, "T", "DIP", "GND", "GND", "C", 236.22, 236.22, 137.8, 0],
		[118, "PAD3_1", 196.85, -2559.06, "B", "DIP", "GND", "GND", "C", 236.22, 236.22, 137.8, 0],
		[119, "PAD4_1", 2559.06, -2559.06, "T", "DIP", "GND", "GND", "C", 236.22, 236.22, 137.8, 0],
		[120, "PAD4_1", 2559.06, -2559.06, "B", "DIP", "GND", "GND", "C", 236.22, 236.22, 137.8, 0]
	]
}
}